Locus_tag,T3s,C3s,A3s,G3s,cai,cbi,fop,enc,GC3s,GC,Len_sym,Len_aa,hydropathy,aromaticity,target
J112_00025,0.45382,0.52788,0.12241,0.15242,0.31759,0.21865,0.54947,40.70624,0.77626,0.60296,657.0,675.0,-0.35896,0.06519,NEG
J112_00030,0.48173,0.54149,0.09451,0.11392,0.31545,0.33426,0.60758,37.17556,0.82518,0.63922,818.0,838.0,-0.30609,0.05251,NEG
J112_00065,0.25373,0.31579,0.28986,0.40789,0.24228,0.09718,0.47826,42.42727,0.44565,0.56989,92.0,93.0,-1.22151,0.01075,NEG
J112_00085,0.31306,0.46583,0.14502,0.25899,0.24006,0.18398,0.52053,51.1228,0.65353,0.63651,609.0,619.0,-0.24927,0.05654,NEG
J112_00090,0.38485,0.42338,0.11144,0.24935,0.2099,0.20347,0.53066,47.38351,0.68396,0.68062,424.0,430.0,-0.6914,0.03721,NEG
J112_00100,0.37714,0.44507,0.20891,0.26479,0.30669,0.2283,0.56427,46.04789,0.63181,0.62375,459.0,466.0,-1.00579,0.04292,NEG
J112_00105,0.36432,0.45682,0.13447,0.22045,0.21741,0.18974,0.5241,43.79286,0.69478,0.67843,498.0,510.0,-0.57392,0.03922,NEG
J112_00125,0.43519,0.464,0.125,0.136,0.21169,0.12991,0.47059,46.2631,0.77206,0.68841,136.0,138.0,0.20362,0.03623,NEG
J112_00130,0.41667,0.49772,0.11215,0.13699,0.25058,0.16343,0.50806,43.41004,0.78226,0.67448,248.0,256.0,-0.08906,0.03906,NEG
J112_00180,0.3,0.64789,0.25,0.05634,0.30532,0.29174,0.58824,52.99649,0.75294,0.57088,85.0,87.0,-0.0092,0.08046,NEG
J112_00190,0.3236,0.58522,0.16136,0.11499,0.28104,0.25586,0.5633,41.61607,0.76697,0.63642,545.0,562.0,-0.00587,0.0694,NEG
J112_00200,0.33028,0.56022,0.20181,0.15966,0.29217,0.31969,0.6088,41.2435,0.71296,0.6851,432.0,434.0,-1.32949,0.01843,NEG
J112_00210,0.23656,0.52,0.2043,0.21,0.34277,0.37984,0.64912,39.36163,0.64912,0.71552,114.0,116.0,-1.38534,0.01724,NEG
J112_00215,0.37719,0.42222,0.13617,0.25185,0.18641,0.16971,0.50667,46.44016,0.66667,0.68083,300.0,306.0,-0.88627,0.02288,NEG
J112_00225,0.41139,0.41954,0.11801,0.25862,0.22195,0.20731,0.53465,50.44886,0.68317,0.64553,202.0,205.0,-0.68244,0.05854,NEG
J112_00230,0.38378,0.42381,0.17112,0.22381,0.22545,0.15543,0.49791,52.93024,0.66946,0.6405,239.0,242.0,-0.17273,0.05785,NEG
J112_00235,0.31628,0.46491,0.16818,0.21053,0.2366,0.06739,0.44788,48.08863,0.67181,0.67048,259.0,262.0,-0.26756,0.03053,NEG
J112_00240,0.36364,0.46073,0.18333,0.18848,0.2273,0.16068,0.49774,50.41351,0.68778,0.67713,221.0,223.0,-0.39955,0.02242,NEG
J112_00270,0.50337,0.45468,0.09019,0.15257,0.27602,0.23591,0.55277,41.08445,0.79156,0.64831,758.0,781.0,-0.20038,0.06274,NEG
J112_00275,0.52983,0.40882,0.08924,0.13226,0.26179,0.2745,0.55744,41.95792,0.80226,0.64583,531.0,560.0,0.345,0.10714,NEG
J112_00330,0.42857,0.48182,0.10853,0.12955,0.26081,0.22545,0.54968,43.5962,0.7907,0.67215,473.0,486.0,0.07202,0.08025,NEG
J112_00360,0.30137,0.55346,0.14189,0.20126,0.30107,0.28604,0.57838,44.04033,0.71351,0.65426,185.0,188.0,-0.29096,0.04787,NEG
J112_00365,0.38819,0.53077,0.14056,0.11538,0.26806,0.22339,0.54237,41.88541,0.77966,0.65897,295.0,303.0,-0.033,0.05941,NEG
J112_00385,0.53012,0.47264,0.09341,0.12935,0.21305,0.18248,0.50442,44.49036,0.80973,0.64681,226.0,235.0,-0.36511,0.08085,NEG
J112_00395,0.4562,0.38387,0.12838,0.17419,0.19796,0.12586,0.46429,46.02793,0.72619,0.61796,336.0,349.0,0.66332,0.05731,NEG
J112_00400,0.49213,0.41844,0.11567,0.17376,0.2599,0.18836,0.51084,44.05064,0.75232,0.62828,323.0,330.0,0.02424,0.05152,NEG
J112_00420,0.36715,0.47034,0.15094,0.2161,0.23816,0.20886,0.53704,47.71703,0.69259,0.66667,270.0,273.0,-0.94652,0.03663,NEG
J112_00425,0.51875,0.45062,0.10588,0.10494,0.2469,0.16937,0.50785,41.73554,0.81675,0.68159,191.0,201.0,-0.05025,0.04975,NEG
J112_00450,0.56842,0.39796,0.07,0.13265,0.2418,0.18938,0.50442,38.38579,0.82301,0.66082,113.0,114.0,0.16403,0.03509,NEG
J112_00455,0.528,0.41958,0.09848,0.11189,0.19886,0.0852,0.45161,40.78514,0.8129,0.70021,155.0,159.0,0.37044,0.04403,NEG
J112_00460,0.53385,0.43253,0.05948,0.08651,0.27148,0.25625,0.5477,36.46004,0.86513,0.7125,608.0,640.0,0.83125,0.06875,NEG
J112_00465,0.51163,0.45614,0.09818,0.05614,0.25287,0.20142,0.5082,39.7559,0.85902,0.68671,305.0,316.0,1.08386,0.06013,NEG
J112_00470,0.5848,0.45588,0.04278,0.06373,0.29852,0.37633,0.61215,30.09216,0.90187,0.69091,214.0,220.0,1.00773,0.05455,NEG
J112_00475,0.51389,0.4321,0.05128,0.07407,0.22717,0.19192,0.5122,2.0,0.87805,0.70076,82.0,88.0,1.38068,0.04545,NEG
J112_00480,0.5069,0.47674,0.06032,0.07849,0.29494,0.32006,0.58543,39.46483,0.87115,0.69093,357.0,371.0,1.09919,0.05391,NEG
J112_00485,0.3518,0.5724,0.11688,0.12443,0.26494,0.27526,0.56667,40.52293,0.79167,0.66938,480.0,492.0,0.00427,0.0752,NEG
J112_00495,0.47222,0.47727,0.07895,0.13068,0.23843,0.22976,0.52941,40.35201,0.81283,0.67343,187.0,197.0,0.13452,0.06599,NEG
J112_00510,0.42061,0.49477,0.12121,0.1136,0.23295,0.1685,0.50956,42.62708,0.79235,0.67411,732.0,761.0,0.35283,0.04862,NEG
J112_00535,0.29891,0.51084,0.14883,0.17349,0.25281,0.14802,0.50333,44.41969,0.71397,0.65227,451.0,463.0,0.28359,0.07559,NEG
J112_00540,0.41753,0.51915,0.15741,0.16596,0.25139,0.2,0.52899,47.92277,0.73551,0.58939,276.0,289.0,-0.39758,0.08651,NEG
J112_00550,0.41966,0.4375,0.13839,0.17888,0.24807,0.14541,0.49713,46.36298,0.72275,0.62716,523.0,540.0,0.17667,0.0537,NEG
J112_00560,0.48869,0.42387,0.11366,0.1545,0.24029,0.19041,0.51577,43.35134,0.76608,0.65141,2441.0,2512.0,0.0584,0.06369,NEG
J112_00570,0.26966,0.55657,0.1444,0.22171,0.29637,0.3052,0.59754,43.8301,0.69304,0.66712,733.0,740.0,-0.87541,0.03243,NEG
J112_00595,0.32623,0.54979,0.11474,0.18919,0.25968,0.29629,0.59077,43.14926,0.74067,0.69031,1581.0,1607.0,-0.77442,0.04107,NEG
J112_00605,0.30693,0.52553,0.09069,0.16809,0.30681,0.34994,0.64344,45.3291,0.76025,0.72648,488.0,496.0,0.16976,0.04032,NEG
J112_00615,0.44952,0.40759,0.12007,0.16502,0.21911,0.18683,0.50615,45.60281,0.74308,0.65742,650.0,685.0,0.20891,0.08905,NEG
J112_00650,0.52439,0.37218,0.13178,0.16165,0.23964,0.17695,0.5082,44.5858,0.74754,0.63588,305.0,314.0,0.14745,0.06688,NEG
J112_00660,0.43885,0.49892,0.10384,0.10799,0.26086,0.24464,0.55098,41.27784,0.81176,0.68635,510.0,525.0,0.07733,0.04952,NEG
J112_00665,0.2886,0.52273,0.16995,0.20942,0.21758,0.14456,0.49075,44.91837,0.68137,0.66059,703.0,713.0,-0.39776,0.03647,NEG
J112_00690,0.42446,0.51875,0.07797,0.12188,0.2554,0.2469,0.56069,42.12976,0.82081,0.68169,346.0,355.0,0.18225,0.03662,NEG
J112_00705,0.46073,0.41921,0.14428,0.14847,0.19593,0.09914,0.46964,43.82808,0.74494,0.61647,247.0,259.0,0.47915,0.10811,NEG
J112_00725,0.3064,0.48208,0.14426,0.22476,0.27423,0.27942,0.57386,43.85569,0.67898,0.68441,352.0,357.0,-0.38655,0.02521,NEG
J112_00730,0.49664,0.44048,0.10458,0.1369,0.242,0.24438,0.5508,44.84038,0.79144,0.68657,187.0,201.0,-0.47662,0.09453,NEG
J112_00735,0.52688,0.44037,0.04124,0.17431,0.28435,0.24739,0.55,35.02136,0.80833,0.67436,120.0,130.0,0.05231,0.06923,NEG
J112_00740,0.51695,0.48227,0.06504,0.14184,0.21941,0.16157,0.49045,38.4221,0.82166,0.66471,157.0,170.0,-0.39471,0.11765,NEG
J112_00745,0.32237,0.46061,0.17308,0.24848,0.30244,0.29876,0.58549,42.93999,0.64767,0.65821,193.0,197.0,-0.59239,0.04569,NEG
J112_00750,0.46012,0.50266,0.10345,0.12766,0.24927,0.23446,0.54137,41.85733,0.80142,0.65684,423.0,441.0,-0.21156,0.0839,NEG
J112_00755,0.34507,0.38509,0.18919,0.26087,0.3082,0.24085,0.54144,47.68612,0.61326,0.64273,181.0,181.0,0.1221,0.04972,NEG
J112_00765,0.43243,0.50505,0.10075,0.12121,0.25536,0.22213,0.53846,41.5699,0.80615,0.67647,325.0,340.0,-0.11382,0.06765,NEG
J112_00785,0.27733,0.50732,0.1911,0.23415,0.24339,0.16431,0.51975,39.88833,0.64865,0.67837,481.0,484.0,-1.08182,0.02893,NEG
J112_00790,0.41364,0.44118,0.14474,0.16807,0.24233,0.13972,0.49071,49.76717,0.72862,0.6369,269.0,280.0,-0.08821,0.07857,NEG
J112_00810,0.41038,0.54656,0.09417,0.14575,0.2897,0.1938,0.53405,41.83779,0.7957,0.64336,279.0,286.0,0.11084,0.07692,NEG
J112_00815,0.44664,0.44643,0.11742,0.15714,0.27445,0.20635,0.52077,45.54023,0.76038,0.64493,313.0,322.0,0.41491,0.06522,NEG
J112_00830,0.30858,0.42531,0.17943,0.30705,0.22529,0.20715,0.53169,45.50666,0.59507,0.62234,568.0,579.0,-0.98653,0.05009,NEG
J112_00835,0.34901,0.38532,0.16274,0.29817,0.20951,0.15656,0.49803,52.75106,0.60827,0.63776,508.0,519.0,-0.94008,0.03661,NEG
J112_00840,0.19643,0.62857,0.17241,0.14286,0.2703,0.3434,0.61333,32.93922,0.73333,0.69333,75.0,75.0,-0.79067,0.04,NEG
J112_00845,0.36279,0.49785,0.13514,0.19742,0.29114,0.30962,0.59259,41.68799,0.71852,0.67883,270.0,274.0,-0.17956,0.03285,NEG
J112_00855,0.28261,0.49123,0.26531,0.15789,0.21721,0.32432,0.60317,42.17876,0.65079,0.62255,63.0,68.0,-0.99118,0.13235,NEG
J112_00880,0.50318,0.55114,0.08333,0.10227,0.30152,0.26768,0.57692,38.44283,0.84615,0.64642,208.0,214.0,-0.36449,0.1028,NEG
J112_00885,0.30052,0.37745,0.23415,0.27451,0.19612,0.06714,0.4477,50.96813,0.56485,0.62078,239.0,247.0,-0.63684,0.04858,NEG
J112_00890,0.21528,0.5503,0.16327,0.2071,0.241,0.29913,0.59563,47.77567,0.6776,0.66318,183.0,191.0,-0.68691,0.07853,NEG
J112_00895,0.32308,0.41038,0.18932,0.28066,0.22839,0.17937,0.50905,45.29092,0.60362,0.63673,497.0,501.0,-0.63792,0.02196,NEG
J112_00900,0.4435,0.47525,0.09392,0.13614,0.23849,0.23574,0.5411,38.361,0.7968,0.67854,438.0,449.0,0.08085,0.04009,NEG
J112_00920,0.34637,0.47938,0.13587,0.24227,0.27554,0.29673,0.5815,47.12446,0.68282,0.66232,227.0,230.0,-0.58391,0.03043,NEG
J112_00925,0.44146,0.48927,0.13761,0.12876,0.27012,0.25949,0.55766,43.98277,0.77316,0.62876,529.0,554.0,0.09838,0.06137,NEG
J112_00970,0.47904,0.41954,0.10405,0.2069,0.24483,0.10169,0.48792,50.41213,0.73913,0.64632,207.0,213.0,-0.19718,0.03756,NEG
J112_00975,0.50575,0.35018,0.13333,0.15162,0.21424,0.21635,0.52117,48.20628,0.74593,0.65321,307.0,322.0,0.05186,0.06832,NEG
J112_00980,0.47407,0.39333,0.15862,0.18667,0.29163,0.21182,0.54023,44.18007,0.7069,0.59964,174.0,184.0,-0.18641,0.05978,NEG
J112_00985,0.44503,0.47143,0.10553,0.15714,0.27133,0.13011,0.5084,42.2911,0.77311,0.63934,238.0,244.0,-0.275,0.06148,NEG
J112_00990,0.28713,0.43218,0.16399,0.26183,0.2309,0.13851,0.48603,50.03224,0.6257,0.64835,358.0,364.0,-0.21566,0.02198,NEG
J112_00995,0.31563,0.45109,0.19308,0.27174,0.25362,0.23346,0.55227,49.65412,0.62045,0.64425,440.0,446.0,-1.06435,0.04484,NEG
J112_01005,0.39236,0.43269,0.18333,0.19231,0.21406,0.19476,0.52066,48.10405,0.6832,0.66209,363.0,364.0,-0.59533,0.03571,NEG
J112_01010,0.48113,0.47561,0.08559,0.14228,0.29387,0.27346,0.56044,41.13742,0.8022,0.66667,273.0,279.0,0.00573,0.06093,NEG
J112_01035,0.47337,0.48168,0.10556,0.12042,0.26626,0.20939,0.52804,40.28565,0.80374,0.67273,214.0,220.0,0.17955,0.05,NEG
J112_01075,0.44578,0.47802,0.11299,0.14835,0.24648,0.20844,0.51923,45.97498,0.77404,0.63349,208.0,211.0,0.15261,0.03318,NEG
J112_01080,0.55705,0.42169,0.10127,0.12048,0.24631,0.19528,0.51852,39.00855,0.80952,0.68041,189.0,194.0,-0.10928,0.04639,NEG
J112_01085,0.48998,0.51875,0.08981,0.1125,0.27338,0.23007,0.55034,38.36528,0.82897,0.66488,725.0,748.0,-0.12553,0.07888,NEG
J112_01090,0.31384,0.48506,0.17009,0.2109,0.24787,0.18722,0.50926,44.34966,0.67438,0.64032,648.0,658.0,0.04134,0.04103,NEG
J112_01100,0.49727,0.38725,0.09424,0.14706,0.23613,0.14612,0.48624,39.94414,0.77982,0.67394,218.0,229.0,0.4917,0.0655,NEG
J112_01110,0.3338,0.4652,0.1908,0.22711,0.25249,0.23656,0.55111,47.73464,0.65543,0.66422,949.0,954.0,-1.03281,0.02201,NEG
J112_01125,0.54671,0.40597,0.05844,0.13134,0.28733,0.26763,0.54775,38.56492,0.82584,0.65304,356.0,367.0,1.05804,0.07629,NEG
J112_01130,0.33006,0.44529,0.16758,0.27226,0.24624,0.20676,0.53312,48.16409,0.63518,0.65668,921.0,935.0,-0.90813,0.03102,NEG
J112_01140,0.38776,0.44053,0.15423,0.21145,0.1793,0.03814,0.43137,54.70901,0.6902,0.65513,255.0,260.0,-0.495,0.03462,NEG
J112_01160,0.37603,0.48913,0.16733,0.17754,0.27693,0.23359,0.5489,43.60508,0.71293,0.66042,317.0,320.0,-0.52563,0.03438,NEG
J112_01165,0.28485,0.46933,0.21512,0.22667,0.2299,0.15537,0.49417,50.72625,0.62937,0.62346,429.0,432.0,-0.33495,0.02315,NEG
J112_01170,0.4375,0.55396,0.125,0.10791,0.29661,0.25224,0.56184,40.53222,0.80713,0.63366,477.0,505.0,-0.14871,0.08713,NEG
J112_01175,0.29818,0.45397,0.1844,0.24127,0.23361,0.13781,0.48159,50.2756,0.63739,0.65262,353.0,356.0,-0.34607,0.03652,NEG
J112_01185,0.38767,0.49804,0.1519,0.17255,0.26254,0.19922,0.53559,45.62356,0.72881,0.6767,295.0,299.0,-0.52241,0.04682,NEG
J112_01195,0.52941,0.44848,0.10204,0.08485,0.23848,0.30895,0.57714,40.57959,0.83429,0.66667,175.0,182.0,0.40494,0.1044,NEG
J112_01200,0.39735,0.48876,0.11912,0.16573,0.27317,0.25615,0.55499,46.73188,0.75192,0.6584,391.0,403.0,-0.17916,0.07692,NEG
J112_01220,0.33333,0.50239,0.21891,0.16268,0.22354,0.16376,0.51417,47.62786,0.68421,0.67325,247.0,253.0,-0.56047,0.03557,NEG
J112_01230,0.3466,0.54777,0.18326,0.14437,0.25016,0.26015,0.57297,42.7974,0.73153,0.70648,555.0,561.0,-1.30713,0.02674,NEG
J112_01240,0.56426,0.39071,0.08133,0.0929,0.26781,0.32364,0.58594,37.06852,0.84115,0.69287,384.0,407.0,0.59558,0.09828,NEG
J112_01250,0.33607,0.47552,0.12851,0.24126,0.25441,0.0902,0.45455,46.56992,0.68339,0.66356,319.0,322.0,-0.02609,0.02174,NEG
J112_01260,0.45882,0.51724,0.08427,0.12315,0.295,0.30424,0.58296,38.07251,0.82063,0.6754,223.0,229.0,-0.05197,0.08297,NEG
J112_01275,0.37978,0.35638,0.28609,0.2234,0.23589,0.20291,0.53004,43.38805,0.58584,0.63228,466.0,475.0,-1.03221,0.03158,NEG
J112_01280,0.37845,0.48161,0.14298,0.18227,0.23882,0.28983,0.58424,43.91901,0.72379,0.71719,1383.0,1392.0,-1.09928,0.02227,NEG
J112_01295,0.47586,0.57055,0.07692,0.10429,0.33841,0.33283,0.61257,35.68118,0.84817,0.63889,191.0,204.0,-0.05245,0.07353,NEG
J112_01325,0.26793,0.5144,0.17537,0.24184,0.27204,0.19907,0.52397,44.25893,0.65289,0.64474,605.0,608.0,-0.20707,0.04112,NEG
J112_01330,0.46457,0.49306,0.12782,0.08333,0.25194,0.11072,0.46541,43.20024,0.81761,0.64403,159.0,162.0,0.35247,0.06173,NEG
J112_01335,0.37015,0.40648,0.15847,0.19451,0.19426,0.06504,0.4279,54.66652,0.67849,0.60398,423.0,436.0,0.91583,0.06881,NEG
J112_01350,0.31841,0.30275,0.31925,0.29817,0.2499,0.11784,0.48289,52.33398,0.4943,0.58608,263.0,273.0,-0.80366,0.03663,NEG
J112_01360,0.30952,0.4965,0.15504,0.18881,0.22498,0.17678,0.50318,44.13784,0.70064,0.67089,157.0,158.0,-0.10823,0.03165,NEG
J112_01385,0.29663,0.4428,0.14945,0.27119,0.21968,0.24194,0.55121,47.95761,0.63501,0.67636,537.0,550.0,-0.99891,0.04545,NEG
J112_01410,0.35211,0.47134,0.15172,0.19745,0.31684,0.26241,0.55932,45.70391,0.70056,0.68324,177.0,181.0,-0.40939,0.02762,NEG
J112_01455,0.49173,0.55932,0.06579,0.09958,0.27182,0.21639,0.53552,38.23286,0.85974,0.64762,549.0,560.0,-0.07143,0.06071,NEG
J112_01460,0.30192,0.4873,0.16695,0.21905,0.23976,0.24651,0.54749,42.8812,0.67039,0.67127,716.0,724.0,-0.65,0.03315,NEG
J112_01470,0.28846,0.40541,0.23602,0.23243,0.30799,0.28444,0.56716,45.05221,0.59701,0.62397,201.0,203.0,0.10837,0.04433,NEG
J112_01480,0.36559,0.48095,0.14062,0.19524,0.27883,0.32536,0.60338,44.99737,0.71308,0.68333,237.0,240.0,-0.30042,0.0375,NEG
J112_01505,0.14465,0.67597,0.08714,0.19313,0.22851,0.05552,0.46705,32.07163,0.74419,0.77799,516.0,518.0,-0.00811,0.00772,NEG
J112_01510,0.18421,0.64118,0.1278,0.14118,0.1632,0.18298,0.51381,35.88881,0.75691,0.78174,362.0,365.0,-1.09041,0.02192,NEG
J112_01520,0.10395,0.71257,0.08182,0.20321,0.22613,0.05405,0.46917,35.00243,0.74002,0.78139,827.0,831.0,-0.04224,0.00722,NEG
J112_01525,0.50485,0.42979,0.09745,0.12553,0.24695,0.15956,0.51468,43.58069,0.80235,0.69341,511.0,536.0,0.11959,0.07463,NEG
J112_01535,0.43606,0.51769,0.0996,0.1527,0.28011,0.19741,0.53236,41.29644,0.78641,0.64976,618.0,631.0,-0.14532,0.06022,NEG
J112_01560,0.47312,0.38043,0.10638,0.13043,0.28884,0.17949,0.52475,33.13319,0.78218,0.73529,101.0,102.0,0.66471,0.02941,NEG
J112_01565,0.5,0.37054,0.09456,0.16964,0.22837,0.14997,0.5062,44.56227,0.76033,0.67966,484.0,513.0,0.28402,0.08577,NEG
J112_01575,0.46154,0.51471,0.10294,0.16176,0.27847,0.0838,0.50602,36.87311,0.78313,0.62847,83.0,96.0,-0.26563,0.09375,NEG
J112_01585,0.53316,0.37529,0.08393,0.11888,0.23094,0.21693,0.51316,36.80507,0.8114,0.68008,456.0,472.0,0.99131,0.05508,NEG
J112_01590,0.46467,0.45192,0.10649,0.11058,0.26017,0.24547,0.55605,43.3438,0.80493,0.7021,446.0,461.0,0.15011,0.04555,NEG
J112_01605,0.48705,0.44796,0.10945,0.1448,0.25766,0.23275,0.53846,41.69738,0.78138,0.66156,247.0,261.0,-0.22797,0.09195,NEG
J112_01615,0.35511,0.44757,0.17426,0.20205,0.23948,0.21551,0.52928,46.69613,0.67568,0.65639,444.0,454.0,-0.08634,0.03744,NEG
J112_01620,0.51562,0.37143,0.10145,0.14286,0.16998,0.04364,0.44737,52.39596,0.77632,0.68354,76.0,79.0,0.38608,0.03797,NEG
J112_01625,0.20892,0.68474,0.03653,0.13253,0.34906,0.39963,0.67969,35.43731,0.83984,0.78295,512.0,516.0,-0.10291,0.02713,NEG
J112_01650,0.49383,0.50292,0.11111,0.10526,0.27536,0.29167,0.58128,40.07464,0.81773,0.65873,203.0,210.0,-0.20667,0.07143,NEG
J112_01655,0.45455,0.50929,0.08403,0.11152,0.26776,0.27394,0.56507,40.47729,0.82877,0.67439,292.0,302.0,-0.04272,0.06291,NEG
J112_01660,0.13468,0.44346,0.18076,0.41179,0.29727,0.1892,0.53285,35.02493,0.49191,0.61691,3151.0,3169.0,-0.2722,0.01294,NEG
J112_01710,0.43367,0.51004,0.05854,0.18072,0.30105,0.30917,0.59851,41.59964,0.7881,0.65873,269.0,294.0,-0.35612,0.12925,NEG
J112_01715,0.49068,0.43529,0.08333,0.13529,0.28203,0.34857,0.6,36.52975,0.80526,0.70588,190.0,204.0,-0.325,0.04412,NEG
J112_01725,0.28261,0.60476,0.15135,0.23333,0.33144,0.3105,0.61328,40.54618,0.69922,0.6641,256.0,260.0,-1.48423,0.03846,NEG
J112_01730,0.42515,0.52332,0.12707,0.09845,0.26403,0.18644,0.51402,38.53676,0.80374,0.66066,214.0,222.0,0.32703,0.04505,NEG
J112_01755,0.49718,0.43229,0.13369,0.13021,0.23972,0.18373,0.51584,42.53103,0.77376,0.67847,221.0,226.0,-0.08097,0.03097,NEG
J112_01765,0.35965,0.39402,0.16905,0.29076,0.24016,0.12598,0.48848,54.37361,0.61751,0.62565,434.0,447.0,-0.55034,0.0604,NEG
J112_01770,0.44,0.48571,0.11728,0.14857,0.26584,0.21512,0.54082,42.75737,0.77041,0.64833,196.0,200.0,0.002,0.055,NEG
J112_01805,0.4,0.39583,0.14583,0.1875,0.24006,0.37109,0.61491,45.35125,0.70186,0.69767,161.0,172.0,-0.5593,0.04651,NEG
J112_01820,0.32328,0.44049,0.1876,0.25039,0.26424,0.18384,0.51391,46.20564,0.63311,0.63755,755.0,767.0,-0.27875,0.0352,NEG
J112_01825,0.39365,0.50507,0.11346,0.18813,0.26375,0.29262,0.58354,43.20533,0.74439,0.68753,802.0,815.0,-0.61117,0.04049,NEG
J112_01835,0.37129,0.44647,0.06888,0.22096,0.3026,0.28742,0.58898,39.17778,0.73305,0.70285,472.0,479.0,0.43424,0.03132,NEG
J112_01840,0.46061,0.46011,0.13714,0.13915,0.22377,0.17981,0.50883,45.71742,0.76404,0.63542,623.0,640.0,-0.19469,0.04062,NEG
J112_01845,0.46494,0.47511,0.08495,0.13348,0.27239,0.2929,0.57557,41.67233,0.80538,0.67681,483.0,493.0,0.04178,0.04057,NEG
J112_01850,0.24138,0.38095,0.16,0.34524,0.20241,0.12057,0.48619,54.24158,0.54696,0.65942,181.0,184.0,-0.70163,0.02174,NEG
J112_01860,0.31519,0.44473,0.21448,0.29306,0.28449,0.17697,0.52743,47.55193,0.59705,0.62871,474.0,483.0,-1.15631,0.03934,NEG
J112_01870,0.32911,0.54144,0.19643,0.13812,0.22442,0.15876,0.50962,45.17905,0.72115,0.6129,208.0,217.0,-0.40876,0.07373,NEG
J112_01885,0.45745,0.48168,0.14211,0.1466,0.26713,0.1375,0.50644,39.22078,0.76395,0.65816,233.0,235.0,-0.57064,0.02128,NEG
J112_01890,0.39286,0.55172,0.09119,0.1408,0.27418,0.27273,0.58056,39.59763,0.80051,0.67595,391.0,395.0,-0.44785,0.06329,NEG
J112_01895,0.51429,0.46465,0.07339,0.14141,0.23894,0.15646,0.4918,41.03011,0.81967,0.64286,122.0,126.0,-0.39127,0.03175,NEG
J112_01900,0.18919,0.42568,0.24837,0.32432,0.2459,0.1541,0.51412,43.85951,0.51412,0.61639,177.0,179.0,-0.33855,0.02793,NEG
J112_01945,0.45429,0.52926,0.09635,0.08397,0.27251,0.22545,0.52715,36.35442,0.84163,0.66232,442.0,460.0,0.4063,0.04783,NEG
J112_01955,0.54601,0.44608,0.08939,0.11275,0.25406,0.22291,0.52511,38.2583,0.82192,0.62261,219.0,227.0,0.75859,0.12775,NEG
J112_01980,0.34783,0.51389,0.1,0.22917,0.28331,0.30107,0.57988,50.26188,0.72189,0.65686,169.0,170.0,-0.18176,0.03529,NEG
J112_01985,0.34632,0.47791,0.16116,0.2249,0.25832,0.21023,0.52721,43.98936,0.67687,0.64527,294.0,296.0,-0.42804,0.03378,NEG
J112_02000,0.28094,0.4866,0.16238,0.23413,0.21854,0.15329,0.48718,43.03857,0.65769,0.66371,780.0,790.0,-0.39646,0.02152,NEG
J112_02005,0.35833,0.3986,0.17073,0.25874,0.28339,0.18861,0.51899,45.69232,0.63291,0.65409,158.0,159.0,-0.31887,0.04403,NEG
J112_02010,0.33333,0.54582,0.10776,0.19124,0.28467,0.29832,0.58596,39.31933,0.74386,0.6993,285.0,286.0,-0.6951,0.02797,NEG
J112_02020,0.44053,0.51807,0.07317,0.12851,0.23924,0.18878,0.51613,39.97355,0.82079,0.67245,279.0,288.0,0.26493,0.05208,NEG
J112_02025,0.21311,0.63235,0.12698,0.11765,0.28052,0.29412,0.625,34.62367,0.77778,0.76256,72.0,73.0,-0.51918,0.0137,NEG
J112_02030,0.52941,0.56364,0.06897,0.09091,0.26145,0.22912,0.55224,42.379,0.86567,0.6385,67.0,71.0,-0.26056,0.05634,NEG
J112_02035,0.30986,0.49398,0.15436,0.1988,0.30149,0.28166,0.57143,39.75509,0.69231,0.69414,182.0,182.0,-0.37253,0.01648,NEG
J112_02055,0.34302,0.50068,0.10504,0.22721,0.25002,0.2472,0.54147,39.17503,0.71564,0.68878,844.0,844.0,-0.24514,0.02607,NEG
J112_02065,0.50539,0.43102,0.09931,0.15294,0.26476,0.19387,0.52562,43.27993,0.78273,0.66697,1054.0,1085.0,0.02406,0.05991,NEG
J112_02070,0.30612,0.5463,0.10945,0.16667,0.18705,0.2,0.5339,45.02102,0.75424,0.72337,236.0,241.0,-0.93319,0.04149,NEG
J112_02075,0.25,0.46626,0.19863,0.21472,0.21346,0.28115,0.57143,47.9316,0.63429,0.69288,175.0,178.0,-0.91966,0.04494,NEG
J112_02100,0.45104,0.46734,0.09714,0.15327,0.26558,0.20026,0.53349,42.06171,0.7806,0.71277,433.0,441.0,-0.2322,0.03401,NEG
J112_02105,0.34444,0.4689,0.08197,0.27273,0.20433,0.07073,0.45259,49.08764,0.68966,0.66667,232.0,235.0,-0.38426,0.03404,NEG
J112_02120,0.30435,0.64815,0.11579,0.07407,0.30122,0.36386,0.62393,31.15148,0.83761,0.72678,117.0,122.0,-0.80246,0.06557,NEG
J112_02130,0.3096,0.42486,0.19104,0.25434,0.20416,0.12621,0.47368,47.16019,0.61905,0.64943,399.0,406.0,-0.38695,0.02956,NEG
J112_02140,0.42718,0.43363,0.09434,0.10619,0.25625,0.26502,0.54783,38.58649,0.8087,0.71816,115.0,123.0,0.93171,0.06504,NEG
J112_02145,0.33575,0.40657,0.17343,0.31061,0.26601,0.15191,0.50758,50.88649,0.59957,0.61194,924.0,938.0,-0.63518,0.03198,NEG
J112_02150,0.26087,0.4878,0.19588,0.26829,0.3085,0.24761,0.56618,50.51898,0.61765,0.60993,136.0,141.0,-0.78369,0.03546,NEG
J112_02155,0.37947,0.3083,0.26503,0.26087,0.2003,0.01056,0.42049,59.32,0.55654,0.53846,566.0,585.0,-0.14427,0.07863,NEG
J112_02160,0.46694,0.31536,0.12899,0.25909,0.21796,0.05975,0.44717,46.83265,0.65635,0.61718,937.0,970.0,0.19175,0.06082,NEG
J112_02165,0.3785,0.46352,0.11765,0.22318,0.26049,0.20551,0.53184,47.17755,0.70787,0.66173,267.0,270.0,-0.43481,0.03333,NEG
J112_02170,0.40574,0.56934,0.13953,0.11314,0.30917,0.2737,0.57764,37.67216,0.79193,0.64286,322.0,336.0,-0.23988,0.09821,NEG
J112_02190,0.336,0.4331,0.15294,0.27113,0.22658,0.1634,0.50464,53.0261,0.64087,0.67378,323.0,328.0,-0.69909,0.02439,NEG
J112_02200,0.49432,0.44865,0.0838,0.12973,0.24546,0.25251,0.55502,40.14337,0.8134,0.70661,209.0,217.0,-0.35346,0.06452,NEG
J112_02230,0.46667,0.5,0.09207,0.13594,0.32076,0.29036,0.58932,40.46284,0.80493,0.64733,487.0,500.0,-0.0572,0.068,NEG
J112_02240,0.33333,0.42105,0.23148,0.22807,0.26565,0.20343,0.53383,46.6886,0.61654,0.60784,133.0,136.0,-0.37868,0.02206,NEG
J112_02265,0.35915,0.5241,0.12063,0.18223,0.25237,0.27459,0.57608,43.61304,0.74286,0.69421,1505.0,1525.0,-0.71902,0.03607,NEG
J112_02270,0.18919,0.55556,0.0625,0.31852,0.29457,0.30191,0.60274,38.52645,0.65753,0.68481,146.0,147.0,-0.74762,0.03401,NEG
J112_02285,0.34228,0.49123,0.12903,0.22222,0.26712,0.16654,0.51813,46.52269,0.69948,0.66495,193.0,194.0,-0.29227,0.03093,NEG
J112_02300,0.41398,0.52294,0.06701,0.14679,0.30357,0.26957,0.58475,38.84189,0.80932,0.67361,236.0,240.0,-0.06083,0.04583,NEG
J112_02315,0.31579,0.56,0.09524,0.24,0.21736,0.23529,0.53571,32.28823,0.71429,0.59524,28.0,28.0,-0.81071,0.07143,NEG
J112_02320,0.35512,0.53607,0.11664,0.19016,0.25115,0.28928,0.58708,41.39403,0.74157,0.69596,712.0,717.0,-0.79609,0.02929,NEG
J112_02340,0.3595,0.44944,0.136,0.23596,0.28936,0.25912,0.56579,48.76457,0.68092,0.65696,304.0,309.0,-0.03301,0.04531,NEG
J112_02355,0.19347,0.4743,0.15441,0.31776,0.24766,0.18433,0.52192,40.74703,0.58455,0.66736,479.0,481.0,-0.33139,0.01871,NEG
J112_02370,0.33793,0.45399,0.18954,0.20245,0.32209,0.34595,0.61081,49.90083,0.66486,0.65054,185.0,186.0,-0.12204,0.04839,NEG
J112_02375,0.32821,0.47393,0.23383,0.18009,0.2683,0.26249,0.57028,48.89703,0.65863,0.66401,249.0,251.0,-0.99243,0.02789,NEG
J112_02380,0.37805,0.41873,0.20118,0.19284,0.22767,0.18935,0.50966,45.07204,0.66667,0.66508,414.0,421.0,-0.49525,0.03088,NEG
J112_02395,0.29499,0.43157,0.19149,0.31319,0.26288,0.1507,0.50586,49.38887,0.58573,0.59294,939.0,954.0,-0.68354,0.05346,NEG
J112_02400,0.21978,0.4065,0.24742,0.33333,0.23752,0.11579,0.48148,58.07267,0.51852,0.56522,135.0,138.0,-0.32681,0.05797,NEG
J112_02405,0.50521,0.39409,0.1206,0.14778,0.25601,0.1274,0.47619,46.19456,0.76623,0.67373,231.0,236.0,0.15847,0.05932,NEG
J112_02410,0.46305,0.42952,0.11137,0.14097,0.22781,0.12702,0.48988,48.93337,0.7753,0.67825,494.0,518.0,0.1668,0.0695,NEG
J112_02435,0.28488,0.47478,0.19485,0.22957,0.23611,0.16077,0.50152,43.66581,0.6383,0.64859,658.0,664.0,-0.13117,0.04669,NEG
J112_02475,0.35544,0.42537,0.18088,0.22637,0.26703,0.25269,0.55365,49.32769,0.65451,0.65674,466.0,470.0,-0.22872,0.03404,NEG
J112_02495,0.50811,0.43721,0.16832,0.23256,0.31686,0.21206,0.55147,50.43105,0.69118,0.52914,272.0,286.0,-0.29755,0.12937,NEG
J112_02500,0.30702,0.4,0.22609,0.28511,0.28398,0.15039,0.48763,47.76356,0.57951,0.60511,283.0,287.0,-0.05505,0.04181,NEG
J112_02515,0.33537,0.40952,0.16279,0.3,0.23265,0.17041,0.50862,49.67474,0.60776,0.62678,232.0,234.0,-0.4312,0.03419,NEG
J112_02525,0.51818,0.49107,0.05882,0.16964,0.26717,0.10879,0.48551,41.29218,0.81159,0.62619,138.0,140.0,-0.46357,0.03571,NEG
J112_02530,0.53933,0.47222,0.03846,0.1875,0.3011,0.1372,0.50505,35.90968,0.82828,0.66332,198.0,199.0,-0.59296,0.02513,NEG
J112_02535,0.57143,0.38158,0.0274,0.15789,0.20623,0.03846,0.39759,38.42328,0.83133,0.63602,83.0,87.0,1.08276,0.06897,NEG
J112_02555,0.32524,0.52191,0.13084,0.19522,0.25541,0.24263,0.55636,48.99723,0.72,0.68237,275.0,276.0,-0.45399,0.02899,NEG
J112_02570,0.45015,0.53046,0.06497,0.13959,0.31453,0.27882,0.58028,40.14835,0.8211,0.65558,436.0,451.0,-0.12217,0.08426,NEG
J112_02575,0.30526,0.54054,0.09278,0.22973,0.32434,0.32833,0.60729,42.3971,0.72065,0.68675,247.0,249.0,-0.46426,0.02811,NEG
J112_02580,0.45152,0.43909,0.08245,0.15482,0.24912,0.25243,0.5514,41.78102,0.78505,0.68798,428.0,438.0,0.04224,0.0411,NEG
J112_02585,0.51979,0.42494,0.09873,0.11547,0.25524,0.19834,0.51915,38.15059,0.81064,0.70208,470.0,480.0,-0.02375,0.04792,NEG
J112_02600,0.42953,0.35165,0.15432,0.20879,0.22321,0.08089,0.43979,51.17075,0.67016,0.60862,191.0,201.0,1.04677,0.09453,NEG
J112_02620,0.36978,0.52799,0.12671,0.15858,0.24471,0.23404,0.54927,42.97956,0.75767,0.72267,619.0,625.0,-0.79392,0.0208,NEG
J112_02635,0.52332,0.47642,0.06965,0.10377,0.24585,0.21769,0.52941,40.61296,0.84874,0.69835,238.0,242.0,-0.03967,0.04545,NEG
J112_02655,0.46457,0.44828,0.12406,0.12644,0.22314,0.15838,0.49834,41.90603,0.78073,0.6914,301.0,310.0,-0.28387,0.03871,NEG
J112_02690,0.48669,0.44728,0.11511,0.15335,0.23882,0.20161,0.52586,43.77417,0.77011,0.63944,348.0,355.0,-0.07211,0.08451,NEG
J112_02695,0.28216,0.40551,0.21457,0.28346,0.234,0.08785,0.43581,49.74699,0.5777,0.60962,296.0,298.0,0.10168,0.03691,NEG
J112_02705,0.31773,0.47664,0.15033,0.21807,0.25137,0.20406,0.53297,48.72304,0.68132,0.68116,364.0,368.0,-0.38505,0.03804,NEG
J112_02710,0.41818,0.51969,0.08475,0.14961,0.22227,0.13535,0.47518,47.30765,0.79433,0.61451,141.0,147.0,0.32449,0.06122,NEG
J112_02715,0.47432,0.40678,0.13079,0.19734,0.23388,0.13257,0.48295,47.14457,0.71507,0.58161,909.0,968.0,0.322,0.08471,NEG
J112_02745,0.54667,0.38158,0.10759,0.125,0.21788,0.12796,0.47727,50.22213,0.79545,0.66667,176.0,182.0,0.01813,0.05495,NEG
J112_02750,0.52439,0.4086,0.05882,0.11828,0.22088,0.20787,0.51546,38.89695,0.83505,0.70707,97.0,99.0,0.41616,0.05051,NEG
J112_02765,0.51393,0.42667,0.09621,0.13067,0.24484,0.2435,0.53676,43.25579,0.79902,0.64679,408.0,436.0,0.44427,0.11239,NEG
J112_02795,0.44937,0.44764,0.09735,0.14921,0.27223,0.26103,0.55335,46.2562,0.77667,0.62289,403.0,434.0,1.02696,0.11982,NEG
J112_02815,0.5119,0.45789,0.09714,0.11053,0.2506,0.24503,0.54976,40.59222,0.81991,0.67901,211.0,216.0,-0.13519,0.06944,NEG
J112_02820,0.61611,0.37238,0.04484,0.08787,0.25833,0.25161,0.536,34.55095,0.876,0.69369,250.0,259.0,1.18803,0.08494,NEG
J112_02825,0.525,0.55106,0.04762,0.05532,0.2847,0.32665,0.59806,31.8201,0.91068,0.70069,515.0,529.0,0.02495,0.08318,NEG
J112_02830,0.4898,0.50342,0.0625,0.08219,0.26896,0.28502,0.56352,36.14692,0.86971,0.68416,307.0,324.0,0.68642,0.12654,NEG
J112_02845,0.56223,0.36759,0.05042,0.13439,0.21838,0.18767,0.54444,35.41512,0.82963,0.75515,270.0,275.0,0.15455,0.05818,NEG
J112_02855,0.25882,0.50338,0.14773,0.25676,0.26086,0.21107,0.53939,44.12799,0.65152,0.66269,330.0,335.0,-0.51642,0.04478,NEG
J112_02890,0.44286,0.51899,0.05333,0.11392,0.24768,0.37342,0.61176,34.10665,0.84706,0.69259,85.0,90.0,-0.0,0.06667,NEG
J112_02900,0.31519,0.51781,0.20391,0.19178,0.30485,0.33116,0.61312,41.41196,0.67647,0.68984,442.0,446.0,-1.43117,0.01794,NEG
J112_02915,0.30556,0.52778,0.16438,0.25,0.38298,0.39116,0.65556,35.12677,0.66667,0.67399,90.0,91.0,-1.26703,0.01099,NEG
J112_02920,0.27707,0.50144,0.18927,0.25648,0.2833,0.26886,0.58049,43.68,0.63659,0.6739,410.0,415.0,-1.26723,0.03133,NEG
J112_02930,0.37037,0.43359,0.13964,0.26562,0.24033,0.17463,0.51379,52.36533,0.65862,0.66327,290.0,294.0,-0.8398,0.04082,NEG
J112_02950,0.31019,0.48776,0.15506,0.22653,0.22739,0.18578,0.50995,45.97734,0.6745,0.66311,553.0,562.0,-0.39075,0.03381,NEG
J112_02970,0.41081,0.55263,0.11168,0.12281,0.29723,0.27068,0.57143,42.10513,0.80159,0.64758,252.0,262.0,0.06489,0.0916,NEG
J112_02980,0.51145,0.33113,0.13699,0.19205,0.20939,0.1637,0.48193,54.63274,0.70482,0.60819,166.0,171.0,0.26374,0.04678,NEG
J112_02985,0.46644,0.40896,0.1461,0.13731,0.22648,0.1811,0.50409,45.9197,0.75204,0.67196,367.0,378.0,-0.05132,0.06349,NEG
J112_03000,0.29282,0.51707,0.20526,0.2,0.21487,0.13674,0.49372,48.87218,0.66527,0.65007,239.0,241.0,-0.45975,0.05809,NEG
J112_03005,0.325,0.50585,0.17325,0.17251,0.23794,0.20406,0.53435,45.39087,0.70483,0.69667,393.0,400.0,-0.66975,0.0275,NEG
J112_03015,0.56667,0.424,0.06667,0.124,0.31271,0.37263,0.62362,36.19698,0.83026,0.66317,271.0,286.0,0.30385,0.05944,NEG
J112_03025,0.2766,0.41818,0.26531,0.23636,0.27016,0.22857,0.56452,52.22018,0.58065,0.65079,62.0,63.0,-0.49524,0.04762,NEG
J112_03030,0.28495,0.41176,0.21149,0.27529,0.25741,0.12007,0.47599,46.70448,0.58664,0.62672,479.0,484.0,-0.07872,0.04545,NEG
J112_03035,0.23077,0.4589,0.12214,0.34247,0.25845,0.229,0.52147,43.25136,0.59509,0.62372,163.0,163.0,0.46319,0.02454,NEG
J112_03040,0.4918,0.49474,0.10425,0.13684,0.26061,0.22092,0.54434,43.94749,0.79817,0.63815,327.0,339.0,-0.05841,0.0885,NEG
J112_03045,0.46092,0.48551,0.09819,0.09903,0.2291,0.1845,0.50998,40.75876,0.82483,0.68644,451.0,472.0,0.00742,0.04661,NEG
J112_03080,0.37132,0.46988,0.15411,0.20783,0.24573,0.22078,0.54178,47.38323,0.69272,0.65168,371.0,378.0,-0.46905,0.04497,NEG
J112_03090,0.44898,0.47989,0.10674,0.12869,0.27924,0.27774,0.57279,41.63084,0.79475,0.6851,419.0,434.0,-0.04147,0.05991,NEG
J112_03100,0.10235,0.70113,0.05025,0.19709,0.22389,0.05148,0.46641,36.6329,0.76448,0.78145,1295.0,1301.0,0.3382,0.0123,NEG
J112_03125,0.27778,0.395,0.14054,0.345,0.24679,0.17961,0.50893,50.35246,0.57589,0.6417,224.0,227.0,-0.32907,0.02643,NEG
J112_03135,0.31376,0.48062,0.1964,0.24186,0.26143,0.22588,0.5511,48.09731,0.64295,0.65262,773.0,783.0,-1.16092,0.03193,NEG
J112_03140,0.46114,0.39698,0.13568,0.19095,0.21746,0.15302,0.48927,45.76199,0.72103,0.62917,233.0,240.0,-0.18917,0.04583,NEG
J112_03215,0.37226,0.47945,0.06429,0.24658,0.24783,0.13617,0.5,38.99855,0.72892,0.69261,166.0,167.0,-0.04611,0.01796,NEG
J112_03220,0.42975,0.49231,0.06504,0.23077,0.31988,0.33018,0.61688,43.23008,0.75325,0.70108,154.0,155.0,-0.67871,0.05161,NEG
J112_03225,0.38462,0.5,0.11055,0.19444,0.31717,0.28514,0.583,42.56182,0.74089,0.69588,247.0,251.0,-0.36693,0.04781,NEG
J112_03235,0.38723,0.61957,0.10081,0.05435,0.31061,0.31232,0.60265,34.02718,0.86755,0.69726,302.0,316.0,0.0,0.0538,NEG
J112_03240,0.55333,0.33129,0.05195,0.25767,0.20535,0.03855,0.43316,41.37093,0.73262,0.64261,187.0,194.0,-0.12526,0.06186,NEG
J112_03245,0.47594,0.49754,0.10256,0.12808,0.28838,0.25944,0.56356,36.61346,0.80508,0.66802,236.0,247.0,-0.51781,0.06883,NEG
J112_03390,0.33908,0.49474,0.19126,0.18947,0.21491,0.1142,0.47768,50.37322,0.68304,0.62128,224.0,235.0,-0.25745,0.03404,NEG
J112_03405,0.56481,0.5,0.08547,0.1746,0.35929,0.19395,0.54487,43.29916,0.79487,0.59916,156.0,158.0,-0.15949,0.11392,NEG
J112_03410,0.50943,0.48333,0.0531,0.15833,0.30364,0.24843,0.56204,37.68966,0.81752,0.62676,137.0,142.0,0.02042,0.07042,NEG
J112_03415,0.4537,0.59091,0.09483,0.13636,0.32152,0.28044,0.58333,42.59293,0.8141,0.60843,156.0,166.0,-0.11867,0.10843,NEG
J112_03425,0.46316,0.52332,0.11224,0.11917,0.28352,0.13235,0.49573,43.30632,0.80769,0.64006,234.0,238.0,-0.17017,0.06723,NEG
J112_03440,0.28452,0.38583,0.21311,0.30315,0.22612,0.10166,0.45085,48.33665,0.56271,0.60515,295.0,298.0,0.06745,0.03691,NEG
J112_03445,0.27111,0.41296,0.21983,0.2996,0.25952,0.125,0.46528,48.05662,0.56597,0.5954,288.0,290.0,-0.01034,0.04138,NEG
J112_03450,0.33913,0.41277,0.19149,0.26809,0.27303,0.21,0.5159,45.39758,0.61837,0.63054,283.0,286.0,-0.26713,0.03147,NEG
J112_03455,0.31944,0.44828,0.2087,0.25,0.28588,0.25257,0.5448,50.17818,0.62007,0.60402,279.0,282.0,0.03865,0.05674,NEG
J112_03460,0.37288,0.44882,0.1405,0.23622,0.28136,0.24108,0.55068,41.20214,0.68243,0.67881,296.0,302.0,-0.58477,0.03311,NEG
J112_03500,0.34463,0.50769,0.11538,0.22051,0.34694,0.34931,0.61607,40.4364,0.71429,0.67841,224.0,227.0,-0.5,0.03084,NEG
J112_03505,0.43855,0.54195,0.08267,0.12245,0.31273,0.3232,0.59875,37.11552,0.82328,0.66866,481.0,501.0,-0.29501,0.08184,NEG
J112_03525,0.3237,0.54839,0.22034,0.1828,0.30593,0.29594,0.60606,45.48045,0.68398,0.66099,231.0,235.0,-1.6,0.05106,NEG
J112_03545,0.47959,0.38679,0.11881,0.18868,0.20152,0.13475,0.49167,49.24961,0.73333,0.68579,120.0,122.0,-0.37213,0.02459,NEG
J112_03595,0.34343,0.5814,0.09615,0.12791,0.22358,0.18268,0.52399,43.40655,0.80443,0.6619,271.0,280.0,0.02929,0.08929,NEG
J112_03600,0.46402,0.53744,0.07583,0.11674,0.31025,0.28304,0.57946,36.65551,0.83527,0.67036,516.0,542.0,-0.14613,0.06089,NEG
J112_03620,0.32017,0.42561,0.17541,0.30732,0.2775,0.19159,0.52356,44.96848,0.60314,0.63548,955.0,962.0,-0.81445,0.02391,NEG
J112_03635,0.18519,0.44,0.12409,0.38,0.30432,0.30148,0.59394,44.20467,0.55152,0.64646,165.0,165.0,-0.50667,0.02424,NEG
J112_03640,0.18681,0.46429,0.19355,0.3125,0.34275,0.29742,0.59016,46.81448,0.56557,0.63441,122.0,124.0,-0.54274,0.04032,NEG
J112_03645,0.51064,0.45402,0.06711,0.14943,0.2822,0.29573,0.58824,38.47056,0.80749,0.65476,187.0,196.0,-0.03061,0.07653,NEG
J112_03660,0.52344,0.58965,0.06329,0.10536,0.36898,0.29877,0.59499,33.72785,0.86451,0.62387,679.0,701.0,-0.28531,0.07275,NEG
J112_03665,0.47079,0.63091,0.05112,0.10095,0.40179,0.37495,0.63377,30.79747,0.87532,0.64226,385.0,396.0,-0.28258,0.05303,NEG
J112_03675,0.45714,0.44915,0.125,0.14831,0.21364,0.0592,0.44528,47.02975,0.76226,0.64242,265.0,275.0,0.03055,0.05818,NEG
J112_03680,0.44937,0.44828,0.09697,0.18678,0.26369,0.12412,0.47595,46.45528,0.75443,0.64943,395.0,406.0,0.04778,0.0468,NEG
J112_03695,0.32192,0.41667,0.20261,0.27381,0.27938,0.22724,0.55155,52.01353,0.60309,0.60855,194.0,195.0,-0.29333,0.04103,NEG
J112_03710,0.44876,0.54706,0.13514,0.07941,0.26784,0.26649,0.56842,39.74835,0.82368,0.6607,380.0,391.0,-0.16266,0.07161,NEG
J112_03725,0.4624,0.43124,0.10789,0.15152,0.24063,0.22801,0.52954,41.51619,0.76805,0.66454,457.0,470.0,0.16128,0.05106,NEG
J112_03730,0.38736,0.38551,0.15504,0.21495,0.24614,0.20267,0.52183,50.49497,0.66812,0.63605,458.0,479.0,0.12192,0.04593,NEG
J112_03815,0.45175,0.45055,0.14634,0.13919,0.27872,0.25172,0.54667,41.99299,0.75333,0.62087,300.0,313.0,0.2115,0.07668,NEG
J112_03870,0.45263,0.43893,0.09859,0.16603,0.23674,0.17602,0.51119,40.50279,0.76592,0.67111,581.0,600.0,-0.03983,0.05667,NEG
J112_03920,0.43415,0.47034,0.09174,0.14831,0.28521,0.26887,0.57255,40.85686,0.78431,0.68687,255.0,264.0,0.11591,0.04167,NEG
J112_03925,0.51429,0.42667,0.12245,0.11333,0.19908,0.09752,0.46784,40.89314,0.79532,0.66667,171.0,177.0,-0.16045,0.06215,NEG
J112_03935,0.375,0.53488,0.125,0.09302,0.31594,0.17105,0.55319,34.39104,0.80851,0.71631,47.0,47.0,0.47021,0.08511,NEG
J112_03940,0.51538,0.44444,0.08824,0.11806,0.23588,0.19582,0.51875,40.91205,0.81875,0.66667,160.0,165.0,-0.03818,0.04848,NEG
J112_03965,0.25316,0.65517,0.21591,0.04598,0.21352,0.23546,0.54,41.13327,0.77,0.65385,100.0,104.0,-0.06154,0.06731,NEG
J112_03970,0.14433,0.51754,0.19388,0.25439,0.26027,0.24638,0.57025,51.84771,0.60331,0.71311,121.0,122.0,-1.01967,0.04098,NEG
J112_03980,0.35385,0.41096,0.17164,0.24658,0.2377,0.23699,0.53333,47.25345,0.64242,0.64892,165.0,169.0,-0.5142,0.04734,NEG
J112_04005,0.59055,0.34815,0.0916,0.0963,0.15571,0.05697,0.45578,43.92438,0.82993,0.72985,147.0,153.0,-0.01438,0.06536,NEG
J112_04010,0.36,0.54909,0.05894,0.08909,0.2467,0.25245,0.5918,41.68685,0.85918,0.80271,561.0,566.0,0.17261,0.02827,NEG
J112_04045,0.27852,0.54867,0.15909,0.20649,0.26725,0.19971,0.53351,43.92583,0.6933,0.66923,388.0,390.0,-0.30077,0.03846,NEG
J112_04055,0.45928,0.48684,0.08,0.12594,0.28061,0.27421,0.58025,41.86173,0.81481,0.6855,567.0,584.0,0.3988,0.06507,NEG
J112_04060,0.10588,0.48741,0.20434,0.34532,0.27657,0.27888,0.57143,33.09547,0.51587,0.59108,630.0,635.0,-0.13701,0.02047,NEG
J112_04075,0.51337,0.44498,0.10204,0.15311,0.27062,0.21379,0.52697,41.68034,0.78423,0.62753,241.0,247.0,-0.19109,0.07287,NEG
J112_04080,0.50129,0.42263,0.10591,0.12471,0.19651,0.17685,0.5,42.68916,0.79536,0.67216,474.0,485.0,0.00062,0.03505,NEG
J112_04105,0.40816,0.47619,0.17308,0.14286,0.18837,0.08642,0.45588,43.72296,0.73529,0.64734,68.0,69.0,0.35942,0.05797,NEG
J112_04115,0.34975,0.53361,0.13107,0.18908,0.25974,0.26388,0.57037,44.41777,0.73333,0.67397,270.0,274.0,-0.47226,0.05109,NEG
J112_04120,0.38411,0.45833,0.17296,0.20536,0.25938,0.23532,0.54569,43.98211,0.68528,0.6407,394.0,398.0,-0.31055,0.05025,NEG
J112_04125,0.32515,0.50267,0.13253,0.21925,0.30954,0.31687,0.60476,44.66196,0.7,0.68246,210.0,211.0,-0.51469,0.03791,NEG
J112_04135,0.45714,0.52381,0.07812,0.15238,0.32545,0.28684,0.5865,38.02708,0.80169,0.61828,237.0,248.0,0.25927,0.06452,NEG
J112_04140,0.46753,0.46215,0.11885,0.12749,0.29468,0.21155,0.53684,40.20638,0.78596,0.66102,285.0,295.0,0.17559,0.04068,NEG
J112_04180,0.47557,0.43697,0.12112,0.16527,0.25651,0.23823,0.545,42.87952,0.755,0.63688,400.0,414.0,-0.23986,0.07729,NEG
J112_04195,0.44181,0.47869,0.16135,0.14918,0.2771,0.23216,0.54978,43.74863,0.74459,0.61892,693.0,719.0,-0.38943,0.10292,NEG
J112_04215,0.33506,0.46065,0.20865,0.25694,0.2527,0.18235,0.53167,48.28999,0.62956,0.64045,521.0,534.0,-1.2985,0.03933,NEG
J112_04225,0.48687,0.42536,0.09152,0.19632,0.24691,0.17486,0.51366,44.43576,0.75046,0.64193,549.0,566.0,-0.18445,0.07951,NEG
J112_04255,0.38191,0.45652,0.16019,0.20435,0.24159,0.21149,0.54406,47.43416,0.69349,0.65025,261.0,264.0,-0.52765,0.04545,NEG
J112_04270,0.51111,0.34483,0.13978,0.17241,0.19739,0.09465,0.47115,52.77163,0.73077,0.66358,104.0,108.0,-0.6037,0.0463,NEG
J112_04275,0.3211,0.60816,0.1588,0.10612,0.25757,0.19637,0.52837,41.32417,0.7766,0.63946,282.0,294.0,-0.36463,0.09524,NEG
J112_04290,0.29744,0.47826,0.17476,0.24783,0.24488,0.203,0.5249,50.01921,0.64368,0.63118,261.0,263.0,-0.31369,0.04943,NEG
J112_04300,0.52147,0.46875,0.10029,0.09115,0.26364,0.25581,0.56086,38.39241,0.83532,0.69207,419.0,433.0,-0.01663,0.05774,NEG
J112_04330,0.35176,0.40044,0.20388,0.25664,0.22236,0.1752,0.51056,50.04094,0.61612,0.60974,521.0,527.0,-0.48558,0.06262,NEG
J112_04385,0.34579,0.48739,0.17273,0.19328,0.2439,0.28452,0.58394,48.00983,0.69343,0.67857,137.0,140.0,-1.11714,0.04286,NEG
J112_04395,0.54808,0.4,0.10798,0.11111,0.26734,0.33405,0.59127,37.48344,0.80952,0.67712,252.0,255.0,-0.10706,0.04706,NEG
J112_04400,0.45059,0.45652,0.09886,0.14493,0.27965,0.28865,0.57516,40.35679,0.78431,0.68677,306.0,315.0,-0.14,0.05714,NEG
J112_04410,0.31579,0.54749,0.15584,0.20112,0.29988,0.27671,0.57282,46.42068,0.70874,0.63191,206.0,211.0,-0.25118,0.05687,NEG
J112_04420,0.31944,0.48083,0.14667,0.22714,0.24473,0.14579,0.50266,45.82834,0.67819,0.67888,376.0,382.0,-0.42723,0.03927,NEG
J112_04440,0.40206,0.47414,0.15686,0.17241,0.23968,0.25482,0.55385,48.59794,0.72308,0.64615,130.0,130.0,-0.20846,0.01538,NEG
J112_04445,0.34234,0.41935,0.19328,0.20161,0.23016,0.16364,0.5,47.4881,0.65217,0.64286,138.0,140.0,-0.05,0.02143,NEG
J112_04450,0.30392,0.50459,0.17757,0.21101,0.27323,0.19178,0.53906,48.45019,0.67188,0.65903,128.0,131.0,-0.59618,0.0229,NEG
J112_04465,0.54783,0.40476,0.04132,0.14286,0.27917,0.18971,0.54015,37.81921,0.83212,0.72506,137.0,137.0,0.5438,0.05109,NEG
J112_04485,0.14112,0.68409,0.11962,0.15439,0.23025,0.16885,0.52928,38.80379,0.75054,0.76149,461.0,464.0,-0.475,0.00647,NEG
J112_04520,0.43548,0.36842,0.07576,0.21053,0.26986,0.23913,0.53947,46.54192,0.72368,0.67083,76.0,80.0,0.6625,0.0375,NEG
J112_04525,0.49112,0.36735,0.08757,0.17347,0.23702,0.20108,0.51834,41.43562,0.75795,0.67132,409.0,430.0,0.75674,0.07674,NEG
J112_04540,0.46726,0.37166,0.13408,0.18182,0.20648,0.16844,0.49272,45.96983,0.71845,0.62745,412.0,425.0,0.41459,0.05882,NEG
J112_04550,0.45192,0.41667,0.13208,0.11667,0.27225,0.30643,0.576,44.38142,0.776,0.69744,125.0,130.0,0.35385,0.03077,NEG
J112_04570,0.4026,0.47959,0.1625,0.17347,0.23481,0.21773,0.53704,51.09554,0.72222,0.62121,108.0,110.0,-0.69636,0.05455,NEG
J112_04575,0.28641,0.5617,0.14623,0.19149,0.25818,0.22334,0.54307,44.88583,0.71536,0.66422,267.0,273.0,-0.57582,0.02564,NEG
J112_04580,0.41451,0.43852,0.13397,0.20902,0.28059,0.21417,0.54135,50.44231,0.70301,0.61751,266.0,278.0,0.06043,0.09353,NEG
J112_04585,0.35561,0.48211,0.15012,0.22316,0.2561,0.19484,0.52641,47.77893,0.68852,0.66308,549.0,557.0,-0.59533,0.04488,NEG
J112_04595,0.49064,0.45981,0.08897,0.14148,0.28752,0.27823,0.57143,40.52593,0.79883,0.66852,343.0,359.0,0.04903,0.06964,NEG
J112_04650,0.42623,0.44295,0.09774,0.18121,0.2322,0.17314,0.50633,45.0001,0.74684,0.66458,158.0,160.0,0.215,0.025,NEG
J112_04660,0.3817,0.55874,0.08359,0.13181,0.20842,0.22838,0.5527,34.9109,0.81234,0.73137,389.0,407.0,-0.35651,0.08108,NEG
J112_04685,0.52212,0.48598,0.07759,0.11215,0.23462,0.16102,0.5,42.45979,0.84091,0.67901,132.0,135.0,-0.65333,0.05926,NEG
J112_04690,0.11303,0.6942,0.0738,0.19156,0.23456,0.11881,0.50083,36.43765,0.7529,0.75276,603.0,604.0,0.12864,0.0149,NEG
J112_04695,0.46654,0.44914,0.14898,0.14587,0.25034,0.19364,0.52791,44.63349,0.7512,0.63077,627.0,650.0,-0.14708,0.06923,NEG
J112_04710,0.31477,0.45852,0.18052,0.25983,0.25803,0.23453,0.56075,48.17284,0.63551,0.6642,535.0,541.0,-0.95619,0.02957,NEG
J112_04720,0.18234,0.4987,0.18157,0.28571,0.25144,0.26649,0.56351,40.25396,0.59122,0.64916,433.0,438.0,-0.48767,0.0274,NEG
J112_04725,0.40984,0.53947,0.14286,0.18421,0.24874,0.16832,0.52809,47.9395,0.74157,0.68132,89.0,91.0,-0.98022,0.05495,NEG
J112_04730,0.5339,0.37903,0.10656,0.1129,0.18722,0.15644,0.48175,41.49076,0.80292,0.67133,137.0,143.0,-0.09231,0.02098,NEG
J112_04735,0.47489,0.42529,0.11842,0.14943,0.2597,0.21662,0.53025,44.89618,0.76512,0.66435,281.0,288.0,0.04687,0.04861,NEG
J112_04765,0.51494,0.46887,0.08279,0.12257,0.24064,0.17901,0.50707,39.44814,0.82155,0.67826,566.0,575.0,-0.01757,0.0487,NEG
J112_04795,0.31047,0.53538,0.15017,0.18154,0.2727,0.24003,0.55372,43.35161,0.71625,0.66302,363.0,366.0,-0.14044,0.05191,NEG
J112_04800,0.34943,0.49219,0.16209,0.21094,0.28331,0.24013,0.5531,45.5937,0.69027,0.65281,452.0,457.0,-0.61247,0.04158,NEG
J112_04805,0.39286,0.42672,0.17143,0.23276,0.25814,0.1655,0.51504,51.93261,0.66165,0.61271,266.0,278.0,-0.42482,0.07194,NEG
J112_04815,0.37791,0.38928,0.19726,0.23543,0.24909,0.15707,0.50426,52.02597,0.63191,0.58788,470.0,495.0,-0.15596,0.09899,NEG
J112_04825,0.50171,0.37283,0.12621,0.20231,0.20831,0.10467,0.46494,50.35905,0.71688,0.60814,385.0,393.0,0.00891,0.06107,NEG
J112_04840,0.33333,0.50773,0.15877,0.19205,0.2795,0.26063,0.56622,43.65366,0.70441,0.68742,521.0,530.0,-0.55623,0.03585,NEG
J112_04850,0.36,0.44898,0.14338,0.20748,0.26985,0.2151,0.53727,47.39506,0.68944,0.60941,322.0,326.0,0.04233,0.04294,NEG
J112_04890,0.4641,0.47939,0.13151,0.11714,0.2604,0.17462,0.51866,43.46181,0.78978,0.63625,509.0,526.0,-0.12966,0.08745,NEG
J112_04895,0.49595,0.442,0.09653,0.14391,0.26342,0.22455,0.53446,41.25361,0.78934,0.63614,769.0,797.0,0.36098,0.06023,NEG
J112_04930,0.2961,0.4463,0.21117,0.23389,0.22516,0.14773,0.4856,47.21418,0.61934,0.61178,486.0,498.0,0.0239,0.04418,NEG
J112_04940,0.2568,0.50663,0.14412,0.23342,0.18713,0.21385,0.53269,47.92651,0.66828,0.70175,413.0,418.0,-1.05431,0.02871,NEG
J112_04945,0.21918,0.51111,0.14286,0.27778,0.28695,0.40698,0.65306,58.56118,0.63265,0.67003,98.0,99.0,-1.36869,0.0,NEG
J112_04950,0.45283,0.43045,0.10823,0.16353,0.2255,0.1717,0.5,45.01595,0.75448,0.61608,558.0,593.0,0.63187,0.10624,NEG
J112_04970,0.29003,0.47668,0.1691,0.2487,0.25323,0.19312,0.51382,47.42625,0.64516,0.63692,434.0,437.0,-0.23616,0.05034,NEG
J112_04975,0.63636,0.26786,0.05031,0.21429,0.17789,0.01566,0.41176,42.1372,0.76471,0.6753,187.0,193.0,-0.22694,0.04145,NEG
J112_04980,0.42263,0.49251,0.13708,0.11777,0.2397,0.17364,0.51796,42.28587,0.78072,0.67273,529.0,550.0,-0.48927,0.05818,NEG
J112_04990,0.34194,0.49271,0.17666,0.24781,0.30423,0.25238,0.57452,49.68499,0.66106,0.65957,416.0,423.0,-1.22175,0.03073,NEG
J112_05025,0.27455,0.4863,0.15547,0.24315,0.24688,0.27352,0.56832,43.04219,0.65373,0.66053,644.0,652.0,-0.33037,0.03221,NEG
J112_05065,0.4926,0.50356,0.09761,0.09609,0.27366,0.27042,0.56704,39.13792,0.8336,0.67081,619.0,644.0,-0.07748,0.07298,NEG
J112_05070,0.30374,0.4498,0.16818,0.29317,0.25473,0.15717,0.50174,45.03499,0.61672,0.63079,287.0,288.0,-0.3625,0.04167,NEG
J112_05080,0.30682,0.46278,0.15273,0.2233,0.29199,0.27754,0.5791,45.47622,0.66866,0.68421,335.0,342.0,-0.32836,0.04386,NEG
J112_05090,0.43284,0.51923,0.13488,0.08173,0.25174,0.17169,0.50622,39.5915,0.80913,0.65744,241.0,253.0,0.09881,0.05138,NEG
J112_05125,0.425,0.5814,0.04878,0.13953,0.28873,0.25634,0.56,40.16386,0.84,0.63522,50.0,53.0,-0.08868,0.03774,NEG
J112_05145,0.30455,0.48148,0.16,0.22634,0.22756,0.21203,0.52364,43.00545,0.66909,0.66667,275.0,282.0,-0.58404,0.03546,NEG
J112_05150,0.49012,0.38403,0.10938,0.1673,0.25113,0.20272,0.53872,39.94851,0.75758,0.67107,297.0,303.0,-0.01452,0.10231,NEG
J112_05155,0.46027,0.40964,0.08854,0.15181,0.25161,0.20151,0.51494,43.41076,0.77701,0.67912,435.0,455.0,0.69099,0.05714,NEG
J112_05175,0.54143,0.49286,0.05849,0.11607,0.28044,0.27454,0.57274,35.86396,0.85299,0.69246,653.0,672.0,-0.53958,0.05506,NEG
J112_05180,0.41379,0.47619,0.06452,0.22222,0.25504,0.174,0.5,38.02343,0.75,0.6484,72.0,73.0,-0.19863,0.0137,NEG
J112_05190,0.37179,0.46154,0.10976,0.18269,0.22787,0.13838,0.47619,49.52188,0.73333,0.5942,105.0,115.0,1.12696,0.13913,NEG
J112_05235,0.4976,0.47976,0.08663,0.08996,0.24949,0.20402,0.52406,38.7496,0.84358,0.69048,748.0,770.0,0.30338,0.04416,NEG
J112_05250,0.26552,0.49263,0.16554,0.26254,0.27522,0.18931,0.52356,46.61018,0.63874,0.64931,382.0,384.0,-0.15833,0.04688,NEG
J112_05260,0.29484,0.46943,0.17831,0.24891,0.22489,0.12656,0.48757,45.13749,0.64054,0.6654,523.0,526.0,-0.4097,0.03992,NEG
J112_05275,0.29189,0.61822,0.07069,0.1188,0.34823,0.42438,0.68352,39.73925,0.82637,0.72589,910.0,923.0,0.01777,0.0455,NEG
J112_05280,0.60251,0.27236,0.11885,0.08537,0.22487,0.20368,0.50192,46.52004,0.80843,0.72388,261.0,268.0,0.06045,0.01119,NEG
J112_05285,0.16667,0.55049,0.10943,0.27687,0.29437,0.32745,0.61043,39.20914,0.65031,0.7153,326.0,329.0,-0.47234,0.0152,NEG
J112_05295,0.1662,0.56738,0.10929,0.25059,0.28947,0.3029,0.59193,33.2207,0.67265,0.71333,446.0,450.0,-0.35956,0.01556,NEG
J112_05315,0.5,0.43478,0.08333,0.13665,0.23021,0.12949,0.47753,39.68398,0.80337,0.66483,178.0,181.0,0.4116,0.01657,NEG
J112_05320,0.26606,0.448,0.18919,0.336,0.24626,0.16463,0.5,44.74807,0.57432,0.60444,148.0,150.0,-0.77133,0.04,NEG
J112_05325,0.3172,0.40196,0.245,0.2549,0.20656,0.12246,0.47934,56.72907,0.58264,0.53226,242.0,248.0,-0.26492,0.04839,NEG
J112_05330,0.37198,0.31687,0.19882,0.27984,0.19583,0.03951,0.41823,50.98653,0.57678,0.54074,801.0,855.0,0.40538,0.08304,NEG
J112_05370,0.5,0.41143,0.0679,0.16571,0.2118,0.12536,0.47368,39.98124,0.78947,0.68144,190.0,203.0,0.01379,0.07389,NEG
J112_05375,0.47794,0.48148,0.09859,0.14815,0.28448,0.27451,0.57101,39.60973,0.7913,0.67412,345.0,358.0,-0.41369,0.06983,NEG
J112_05390,0.32584,0.43182,0.20652,0.21591,0.238,0.16049,0.51429,45.18452,0.6381,0.64865,105.0,111.0,-0.6955,0.05405,NEG
J112_05445,0.47,0.47391,0.09756,0.13043,0.2341,0.17401,0.50593,44.48942,0.80237,0.68434,253.0,264.0,-0.13826,0.05682,NEG
J112_05450,0.49474,0.47896,0.07407,0.1165,0.28789,0.24063,0.54755,39.9417,0.83285,0.68232,347.0,362.0,0.04641,0.04144,NEG
J112_05455,0.49206,0.4523,0.09542,0.12014,0.22397,0.23234,0.53698,41.99973,0.81029,0.67087,311.0,317.0,-0.05489,0.05678,NEG
J112_05465,0.41133,0.59649,0.05116,0.125,0.28671,0.24412,0.55019,37.18454,0.84749,0.6636,518.0,544.0,0.10221,0.06066,NEG
J112_05470,0.32468,0.48795,0.1465,0.21687,0.21945,0.10685,0.46842,45.86267,0.68947,0.67193,190.0,190.0,-0.24158,0.02632,NEG
J112_05480,0.27879,0.38974,0.19767,0.33333,0.22082,0.22506,0.54299,54.17516,0.55204,0.61947,221.0,226.0,-0.80398,0.0531,NEG
J112_05495,0.53691,0.4759,0.10127,0.09036,0.27255,0.26331,0.56316,35.76701,0.83684,0.65144,190.0,197.0,-0.15482,0.06599,NEG
J112_05520,0.48421,0.42473,0.13065,0.13441,0.28207,0.30127,0.58559,44.50428,0.77027,0.69006,222.0,228.0,-0.61754,0.03947,NEG
J112_05585,0.40625,0.42857,0.11,0.22689,0.31496,0.26174,0.57031,45.13794,0.70312,0.68205,128.0,130.0,0.08385,0.1,NEG
J112_05590,0.34225,0.50754,0.08763,0.19598,0.2716,0.39702,0.63348,44.8704,0.74661,0.70982,221.0,224.0,-0.4875,0.02232,NEG
J112_05595,0.36471,0.46067,0.28261,0.1573,0.19798,0.13,0.48214,43.44347,0.64286,0.62202,112.0,112.0,-0.85,0.02679,NEG
J112_05600,0.20779,0.47674,0.18987,0.25581,0.25676,0.25,0.54255,35.93111,0.60638,0.63158,94.0,95.0,0.17263,0.0,NEG
J112_05610,0.19661,0.54674,0.14191,0.25212,0.2622,0.32033,0.60574,41.34891,0.65535,0.69595,383.0,387.0,-0.9155,0.03359,NEG
J112_05615,0.20183,0.55882,0.15982,0.2437,0.23463,0.20257,0.54074,38.82364,0.65556,0.69343,270.0,274.0,-0.9427,0.0438,NEG
J112_05630,0.33036,0.36,0.18182,0.268,0.21727,0.13536,0.48718,52.9389,0.60073,0.66076,273.0,282.0,-0.2,0.06383,NEG
J112_05635,0.30097,0.48305,0.21495,0.17797,0.20374,0.16856,0.49242,46.83234,0.66667,0.64691,132.0,135.0,-0.64148,0.02222,NEG
J112_05660,0.32919,0.62393,0.14497,0.07977,0.30305,0.28621,0.57711,35.72256,0.80846,0.66667,402.0,415.0,-0.15133,0.06747,NEG
J112_05675,0.51261,0.45968,0.1129,0.08065,0.22859,0.2402,0.55634,39.27325,0.83099,0.69595,142.0,148.0,-0.19392,0.04054,NEG
J112_05680,0.48523,0.47308,0.076,0.12692,0.22116,0.16185,0.5,38.98704,0.82069,0.67442,290.0,301.0,0.02791,0.06312,NEG
J112_05700,0.425,0.47674,0.15854,0.12791,0.19798,0.11238,0.47475,46.63868,0.75758,0.65064,99.0,104.0,-0.85,0.09615,NEG
J112_05720,0.4433,0.50441,0.09951,0.15859,0.29556,0.25538,0.56226,42.93974,0.78016,0.63229,514.0,543.0,-0.1744,0.07735,NEG
J112_05745,0.32472,0.52412,0.12857,0.20257,0.23079,0.21336,0.54,44.62065,0.71714,0.69088,350.0,358.0,-0.73296,0.04469,NEG
J112_05750,0.25234,0.51562,0.22523,0.14844,0.22541,0.24449,0.56204,47.52707,0.67883,0.70531,137.0,138.0,-0.65942,0.02899,NEG
J112_05765,0.11707,0.72097,0.0704,0.16452,0.24082,0.09006,0.48722,32.86785,0.78045,0.78461,665.0,667.0,0.26267,0.0045,NEG
J112_05790,0.49765,0.45935,0.09692,0.10976,0.27173,0.26581,0.55597,41.77139,0.81716,0.6295,268.0,278.0,0.80971,0.09712,NEG
J112_05805,0.37344,0.46182,0.12955,0.21455,0.25643,0.2637,0.57468,42.62441,0.70455,0.69017,308.0,312.0,-0.86699,0.05449,NEG
J112_05810,0.55319,0.34766,0.12602,0.15625,0.22393,0.1905,0.51034,46.82219,0.75517,0.65432,290.0,297.0,0.16498,0.05724,NEG
J112_05820,0.51648,0.42308,0.08629,0.13942,0.28122,0.27492,0.5614,40.97497,0.79825,0.66389,228.0,240.0,0.08458,0.10417,NEG
J112_05830,0.30709,0.45578,0.13077,0.2517,0.21993,0.15162,0.48125,44.25224,0.6625,0.64389,160.0,161.0,0.60248,0.03106,NEG
J112_05840,0.51707,0.51271,0.07981,0.13559,0.30696,0.2604,0.56522,36.44274,0.82246,0.66088,276.0,288.0,-0.46944,0.09722,NEG
J112_05855,0.23438,0.44762,0.26667,0.24762,0.28611,0.22261,0.54733,46.19086,0.57202,0.66667,243.0,243.0,-1.28724,0.02058,NEG
J112_05865,0.2466,0.58276,0.04755,0.18194,0.30351,0.31863,0.6313,41.0412,0.78117,0.77705,754.0,767.0,0.16206,0.04563,NEG
J112_05875,0.39167,0.39695,0.21774,0.16031,0.20562,0.11554,0.4966,50.00868,0.67347,0.66444,147.0,150.0,-0.27933,0.06,NEG
J112_05890,0.27824,0.59463,0.04189,0.15018,0.29053,0.30748,0.63108,40.67307,0.81732,0.78599,843.0,852.0,-0.0662,0.03286,NEG
J112_05915,0.52647,0.48525,0.05634,0.12064,0.28754,0.27438,0.56235,36.75016,0.84706,0.66898,425.0,433.0,-0.00485,0.04157,NEG
J112_05920,0.43961,0.53307,0.09375,0.12451,0.28644,0.28205,0.57651,40.5688,0.81139,0.63918,281.0,291.0,-0.17801,0.06873,NEG
J112_05955,0.32911,0.53763,0.10976,0.2043,0.36244,0.31476,0.60577,47.31414,0.73077,0.65079,104.0,105.0,-0.47619,0.04762,NEG
J112_05965,0.41,0.44167,0.14151,0.16667,0.26815,0.26427,0.55039,47.19187,0.72868,0.64646,129.0,132.0,-0.14318,0.04545,NEG
J112_05970,0.448,0.4507,0.15909,0.14085,0.20129,0.08179,0.45963,47.42001,0.74534,0.63938,161.0,171.0,-0.32339,0.09942,NEG
J112_06005,0.55474,0.50166,0.07639,0.09635,0.29169,0.21185,0.53672,36.16817,0.85593,0.6564,354.0,357.0,0.07815,0.06162,NEG
J112_06055,0.30544,0.50558,0.11789,0.2342,0.24634,0.23774,0.54817,45.89927,0.69435,0.66999,301.0,301.0,-0.28937,0.01993,NEG
J112_06060,0.52137,0.42593,0.08571,0.14074,0.25754,0.20038,0.52365,40.76682,0.80068,0.67932,296.0,316.0,-0.18259,0.09494,NEG
J112_06090,0.34805,0.43447,0.18593,0.21845,0.24583,0.22378,0.53459,46.7576,0.65618,0.6618,477.0,479.0,-0.34029,0.02296,NEG
J112_06120,0.13118,0.48008,0.17615,0.36243,0.30749,0.31628,0.5977,31.8218,0.52874,0.6459,609.0,610.0,0.05951,0.00492,NEG
J112_06130,0.4359,0.56436,0.07059,0.13861,0.29366,0.20209,0.54054,40.57499,0.81982,0.66667,111.0,113.0,-0.18407,0.0354,NEG
J112_06135,0.42857,0.33333,0.21101,0.17544,0.17957,0.01987,0.4127,52.35124,0.65873,0.66169,126.0,134.0,-0.13284,0.06716,NEG
J112_06140,0.34959,0.5137,0.17391,0.15753,0.2573,0.22291,0.54908,49.05723,0.72393,0.6756,326.0,336.0,-0.58185,0.04167,NEG
J112_06150,0.38278,0.46032,0.11454,0.1746,0.28823,0.27666,0.56015,46.78214,0.73684,0.64539,266.0,282.0,0.44255,0.08865,NEG
J112_06165,0.44531,0.51148,0.10909,0.12787,0.29923,0.31943,0.59882,41.30978,0.79646,0.65926,339.0,360.0,-0.11194,0.06944,NEG
J112_06170,0.41477,0.54592,0.09626,0.10204,0.31057,0.27739,0.56881,35.49734,0.82569,0.67576,218.0,220.0,0.28682,0.03182,NEG
J112_06180,0.49588,0.41007,0.11111,0.13237,0.23013,0.17835,0.50334,43.12194,0.78238,0.6449,749.0,781.0,0.46863,0.07426,NEG
J112_06205,0.57143,0.36937,0.1165,0.17117,0.20924,0.01114,0.42188,40.69566,0.75781,0.64444,128.0,135.0,-0.32222,0.08889,NEG
J112_06210,0.37104,0.48413,0.17949,0.13095,0.2117,0.16037,0.50896,45.89648,0.73118,0.65041,279.0,287.0,-0.5885,0.05923,NEG
J112_06215,0.31694,0.48544,0.17021,0.19903,0.21455,0.17041,0.50649,47.29332,0.68398,0.67232,231.0,236.0,-0.52797,0.03814,NEG
J112_06220,0.51042,0.46226,0.10101,0.09434,0.22798,0.1734,0.50847,39.72102,0.83051,0.68044,118.0,121.0,-0.10083,0.06612,NEG
J112_06225,0.39234,0.44978,0.19545,0.19214,0.24257,0.24607,0.55882,48.68706,0.68015,0.65704,272.0,277.0,-0.79242,0.0361,NEG
J112_06265,0.46729,0.45078,0.07826,0.13731,0.26163,0.28112,0.55693,43.6612,0.80198,0.65197,404.0,431.0,0.61253,0.11833,NEG
J112_06275,0.3964,0.45528,0.13043,0.17073,0.25936,0.19675,0.51471,51.07082,0.73529,0.68794,136.0,141.0,-0.05745,0.03546,NEG
J112_06300,0.46667,0.51532,0.09427,0.11171,0.2873,0.25033,0.55259,39.06298,0.82261,0.66414,637.0,659.0,-0.07693,0.04249,NEG
J112_06305,0.4866,0.47979,0.08462,0.11248,0.2804,0.27371,0.56564,41.10793,0.82496,0.67192,617.0,635.0,0.02661,0.04724,NEG
J112_06310,0.38411,0.43103,0.14286,0.25287,0.23182,0.1342,0.49749,40.53988,0.66834,0.65837,199.0,201.0,-0.49851,0.04975,NEG
J112_06315,0.28244,0.43197,0.19853,0.29252,0.21833,0.18865,0.52493,50.38786,0.58944,0.64431,341.0,343.0,-1.00904,0.03207,NEG
J112_06320,0.28986,0.37931,0.2027,0.33333,0.23037,0.16643,0.50515,55.95108,0.54639,0.59596,97.0,99.0,-0.49495,0.0303,NEG
J112_06325,0.36364,0.51661,0.09129,0.18081,0.28514,0.19767,0.5322,42.38067,0.75932,0.67657,295.0,303.0,-0.08383,0.06271,NEG
J112_06340,0.26383,0.50385,0.16803,0.26538,0.29101,0.32482,0.60726,40.02691,0.63696,0.65043,303.0,308.0,-0.68766,0.02273,NEG
J112_06350,0.2375,0.52041,0.23256,0.19388,0.2187,0.27132,0.56881,38.84121,0.6422,0.64242,109.0,110.0,-0.49636,0.03636,NEG
J112_06355,0.34337,0.45238,0.14815,0.2466,0.27111,0.23017,0.55015,48.20747,0.66413,0.65766,658.0,666.0,-0.44414,0.05556,NEG
J112_06365,0.47761,0.6,0.10811,0.16471,0.37965,0.24157,0.57143,36.31888,0.79048,0.6142,105.0,108.0,-0.21204,0.08333,NEG
J112_06370,0.48814,0.41231,0.10596,0.13231,0.26009,0.25909,0.55241,42.76279,0.78754,0.68785,353.0,362.0,0.24668,0.05801,NEG
J112_06380,0.45449,0.4333,0.12375,0.15987,0.25173,0.18753,0.52093,44.31523,0.75332,0.65851,2031.0,2085.0,0.02293,0.06091,NEG
J112_06385,0.39403,0.4665,0.17087,0.18362,0.24483,0.12453,0.49011,47.41224,0.7033,0.60311,455.0,472.0,-0.07119,0.09322,NEG
J112_06390,0.43525,0.4271,0.145,0.16648,0.25862,0.2191,0.53389,47.20512,0.72784,0.61411,959.0,1002.0,0.30739,0.05788,NEG
J112_06400,0.30144,0.4251,0.19954,0.27733,0.22561,0.10196,0.46786,52.83262,0.6,0.60505,560.0,568.0,-0.45176,0.05282,NEG
J112_06420,0.44292,0.49402,0.11441,0.13546,0.27148,0.21726,0.52837,40.09582,0.78369,0.65632,282.0,290.0,0.09034,0.04138,NEG
J112_06440,0.48,0.45154,0.10283,0.12293,0.25818,0.20335,0.52052,41.99556,0.8013,0.68358,463.0,473.0,0.12114,0.05285,NEG
J112_06450,0.4625,0.35556,0.04878,0.25556,0.31521,0.22763,0.57292,41.87105,0.71875,0.67003,96.0,99.0,0.61616,0.06061,NEG
J112_06455,0.59062,0.36615,0.04587,0.12615,0.2417,0.19015,0.53297,39.3677,0.84615,0.69139,364.0,391.0,0.24271,0.05115,NEG
J112_06460,0.52308,0.5,0.05882,0.18056,0.34025,0.27336,0.5977,44.54089,0.8046,0.63265,87.0,98.0,-0.57143,0.06122,NEG
J112_06465,0.42857,0.61333,0.02899,0.18667,0.35018,0.21784,0.57303,36.67842,0.82022,0.63475,89.0,94.0,-0.10532,0.08511,NEG
J112_06470,0.38344,0.4548,0.14286,0.22316,0.27865,0.24791,0.56416,44.89841,0.69249,0.66426,413.0,415.0,-0.10024,0.04819,NEG
J112_06475,0.39329,0.48062,0.13181,0.12403,0.24962,0.25458,0.55257,44.60652,0.77017,0.64235,409.0,425.0,0.81976,0.11294,NEG
J112_06505,0.4819,0.5,0.09348,0.11553,0.2732,0.24099,0.55594,38.35932,0.821,0.65494,581.0,597.0,-0.04238,0.08878,NEG
J112_06515,0.48047,0.45455,0.10623,0.11538,0.24153,0.23183,0.53016,40.72493,0.80317,0.66461,315.0,324.0,0.13086,0.0463,NEG
J112_06545,0.24096,0.60638,0.15556,0.18085,0.39448,0.57029,0.75,35.38512,0.71296,0.66364,108.0,110.0,-0.56727,0.04545,NEG
J112_06550,0.37118,0.43154,0.18644,0.1722,0.20182,0.1867,0.51002,46.87162,0.68852,0.68885,549.0,556.0,-0.5795,0.02698,NEG
J112_06555,0.31788,0.44505,0.25,0.26923,0.25997,0.08921,0.47465,50.03062,0.59447,0.60606,217.0,220.0,-0.92318,0.05,NEG
J112_06560,0.32483,0.53258,0.17647,0.19775,0.30446,0.31818,0.61326,43.61285,0.69429,0.70147,543.0,546.0,-1.31429,0.01832,NEG
J112_06565,0.35,0.45385,0.12705,0.27692,0.26338,0.17592,0.52131,47.54742,0.6623,0.64941,305.0,309.0,-0.13916,0.04207,NEG
J112_06570,0.31481,0.51111,0.14545,0.22778,0.30143,0.27869,0.57692,42.77049,0.6875,0.63823,208.0,211.0,-0.09621,0.05687,NEG
J112_06575,0.32121,0.6,0.10059,0.16216,0.23764,0.18603,0.52133,39.50632,0.77725,0.71362,211.0,213.0,-0.56291,0.03756,NEG
J112_06580,0.45109,0.49302,0.12435,0.16744,0.25479,0.18864,0.52209,45.14155,0.75904,0.63035,249.0,257.0,-0.5214,0.06615,NEG
J112_06590,0.46059,0.49458,0.08083,0.15835,0.30632,0.23711,0.55449,40.55187,0.7935,0.65025,523.0,528.0,-0.11212,0.03409,NEG
J112_06605,0.38649,0.50646,0.17287,0.15762,0.27642,0.31123,0.59785,48.02353,0.72903,0.71064,465.0,470.0,-1.18851,0.02766,NEG
J112_06615,0.42857,0.50625,0.11486,0.1125,0.25264,0.25185,0.56818,39.62164,0.80114,0.66126,176.0,185.0,-0.09297,0.06486,NEG
J112_06625,0.35374,0.46491,0.13576,0.24269,0.22522,0.17318,0.5168,46.72448,0.67959,0.67521,387.0,390.0,-0.72641,0.0359,NEG
J112_06655,0.52762,0.4425,0.09737,0.1225,0.25135,0.20924,0.53524,43.08331,0.81057,0.66168,454.0,468.0,0.00043,0.07051,NEG
J112_06660,0.56951,0.43841,0.05691,0.11232,0.26243,0.25211,0.54608,38.64679,0.84642,0.62649,293.0,307.0,0.75179,0.10749,NEG
J112_06665,0.55779,0.43548,0.0786,0.11694,0.29105,0.29339,0.57143,38.37537,0.82331,0.61192,266.0,274.0,0.92482,0.10584,NEG
J112_06675,0.36538,0.45741,0.18587,0.22397,0.2452,0.13037,0.47645,49.17484,0.66482,0.62637,361.0,364.0,-0.15412,0.0522,NEG
J112_06700,0.43231,0.52941,0.09205,0.08627,0.25272,0.22094,0.53597,38.93946,0.84173,0.7028,278.0,286.0,0.27727,0.04545,NEG
J112_06705,0.24171,0.51452,0.14352,0.27386,0.3114,0.32957,0.59926,38.70979,0.64338,0.65212,272.0,275.0,-0.46255,0.02909,NEG
J112_06720,0.31606,0.45081,0.17056,0.25024,0.23282,0.1692,0.49793,47.48026,0.64374,0.64568,1207.0,1223.0,-0.17187,0.0417,NEG
J112_06725,0.35354,0.46696,0.15122,0.23789,0.21966,0.18363,0.52874,47.70595,0.67433,0.67433,261.0,261.0,-1.05556,0.04981,NEG
J112_06730,0.46963,0.42829,0.1048,0.14538,0.25184,0.26291,0.55823,43.82809,0.77449,0.65055,541.0,579.0,0.60708,0.10017,NEG
J112_06740,0.25949,0.4153,0.17178,0.28415,0.21049,0.19597,0.52792,49.10741,0.59391,0.66998,197.0,201.0,-0.49104,0.04478,NEG
J112_06750,0.51971,0.45536,0.05724,0.12202,0.23467,0.22684,0.52528,38.60135,0.83708,0.63882,356.0,383.0,0.67311,0.1201,NEG
J112_06755,0.33553,0.46629,0.14103,0.24157,0.26108,0.2311,0.55276,41.46346,0.67337,0.67667,199.0,200.0,-0.675,0.035,NEG
J112_06760,0.37061,0.44729,0.16875,0.20513,0.23922,0.19324,0.5213,47.19078,0.68421,0.67579,399.0,402.0,-0.4908,0.0398,NEG
J112_06795,0.36752,0.45312,0.10924,0.23438,0.22785,0.14451,0.48611,40.35175,0.70139,0.67593,144.0,144.0,-0.51875,0.01389,NEG
J112_06815,0.14894,0.44186,0.19388,0.33333,0.27958,0.18919,0.51128,41.6554,0.53383,0.59204,133.0,134.0,0.31866,0.06716,NEG
J112_06830,0.3266,0.46224,0.14426,0.24773,0.26286,0.1997,0.52394,49.82873,0.66489,0.65285,376.0,386.0,-0.25518,0.04404,NEG
J112_06855,0.36667,0.43939,0.13878,0.27273,0.28612,0.27701,0.57097,44.45207,0.65806,0.65335,620.0,626.0,-0.75783,0.02716,NEG
J112_06860,0.34272,0.45253,0.17312,0.26465,0.30122,0.27082,0.57886,45.37382,0.64125,0.64537,577.0,579.0,-0.7449,0.03109,NEG
J112_06870,0.45185,0.57333,0.03425,0.14,0.29396,0.22709,0.54913,35.70166,0.84971,0.65741,173.0,180.0,0.13056,0.05,NEG
J112_06890,0.37783,0.51844,0.10817,0.16269,0.27797,0.24834,0.55403,41.70012,0.76424,0.65341,509.0,528.0,-0.14261,0.07008,NEG
